{
    "left_camera": {
        "image_width": 1920,
        "image_height": 1080,
        "intrinsic": [ [ 1648.553456, 0.0,         827.055676 ],
                       [ 0.0,         1644.427770, 566.183790 ],
                       [ 0.0,         0.0,         1.0 ] ],
        "distortion": [ -0.350512, 0.465857, 0.000704, -0.001773, 0.000000 ],
        "rectification": [ [  0.999457, 0.028119, 0.017201  ],
                           [ -0.028081, 0.999603, -0.002454 ],
                           [ -0.017263, 0.001969, 0.999849  ] ],
        "projection": [ [ 1758.998006, 0.0,         884.965736, 0.0 ],
                        [ 0.0,         1758.998006, 581.284733, 0.0 ],
                        [ 0.0,         0.0,         1.0,        0.0 ] ]
    },
    "right_camera": {
        "image_width": 1920,
        "image_height": 1080,
        "intrinsic": [ [ 1616.688616356502, 0.0,               1023.0382568462006 ],
                       [ 0.0,               1610.901854375086, 609.688967901291   ],
                       [ 0.0,               0.0,               1.0 ] ],
        "distortion": [ -0.3485582328700022, 0.3631270171201907, 0.0008656096197968192, 0.0038468714426335617, -0.12241035177372718 ],
        "rectification": [ [  0.9979721481342411,    0.05680645492897782,  -0.028716166644076464  ],
                           [ -0.05674919585786459,   0.9983845235659334,    0.0028056859250027797 ],
                           [  0.028829157424629766, -0.0011703770443932488, 0.9995836682838309    ] ],
        "projection": [ [ 1768.8813622476932, 0.0,                1016.1690521240234, -9.804332035062997 ],
                        [ 0.0,                1768.8813622476932, 603.7357406616211,   0.0 ],
                        [ 0.0,                0.0,                1.0,                 0.0 ] ]
    },
    "rotation": [ [ 0.99993587,  0.00104737, -0.01127638],
                  [-0.00109568,  0.99999025, -0.00427891],
                  [ 0.01127179,  0.00429099,  0.99992726] ],
    "translation": [-0.00553143, -0.00031486, 0.00015916]
}
