{
    "left_camera": {
        "intrinsic": [
            [
                1105.5279256658173,
                0.0,
                927.2867974559097
            ],
            [
                0.0,
                1101.5338622784977,
                502.1767977014131
            ],
            [
                0.0,
                0.0,
                1.0
            ]
        ],
        "distortion": [
            -0.03054676525256192,
            0.004896519888910932,
            0.0029516704740330984,
            0.001054047384457927,
            0.0006759745121610262
        ]
    },
    "right_camera": {
        "intrinsic": [
            [
                1095.0088718893182,
                0.0,
                949.0830614904769
            ],
            [
                0.0,
                1092.2850216902395,
                534.7274957012983
            ],
            [
                0.0,
                0.0,
                1.0
            ]
        ],
        "distortion": [
            -0.023893667971180702,
            0.11868994518652247,
            -0.0012661950424658352,
            0.007288938141293622,
            -0.12985068823155063
        ]
    },
    "rotation": [
        [
            0.9997216854211972,
            0.012900381566094979,
            -0.019751755720695104
        ],
        [
            -0.014018415083662358,
            0.9982439902351463,
            -0.05755362714855662
        ],
        [
            0.018974607694047393,
            0.057814497445382015,
            0.9981470072829928
        ]
    ],
    "translation": [
        -0.010325924711014888,
        0.00034156794403145374,
        -0.0003014923746938799
    ]
}
