{
    "left_camera": {
        "intrinsic": [
            [
                1103.6824481123647,
                0.0,
                913.7868713152325
            ],
            [
                0.0,
                1103.0037085461997,
                514.2418978507679
            ],
            [
                0.0,
                0.0,
                1.0
            ]
        ],
        "distortion": [
            -0.03333988175859739,
            0.04592965226305363,
            0.0002748785674299359,
            -0.00034969422579405533,
            0.0005826497875429257
        ]
    },
    "right_camera": {
        "intrinsic": [
            [
                1067.6315307836235,
                0.0,
                919.2880344972516
            ],
            [
                0.0,
                1063.1521394389295,
                516.4983878617185
            ],
            [
                0.0,
                0.0,
                1.0
            ]
        ],
        "distortion": [
            -0.012999105153997235,
            0.013053579654506223,
            -0.0018959584179619531,
            0.0009521282774745916,
            -0.015526031821374166
        ]
    },
    "rotation": [
        [
            0.9998377652831525,
            -0.01685502807597087,
            -0.006352254887044101
        ],
        [
            0.016654130360530275,
            0.9993974533397348,
            -0.03045275356986263
        ],
        [
            0.00686170937348746,
            0.030342021795037838,
            0.9995160222116818
        ]
    ],
    "translation": [
        0.017956737849425333,
        -0.00015771932686366112,
        -0.001120499211202153
    ]
}